<publishData>
  <publishTarget publishUrl="C:\Users\Ali Kazmi\Documents\Releases\MangoChat2.0-FREE\">
    <file relUrl="images/table/table_header_repeat.jpg" publishTime="08/16/2011 11:20:28" />
    <file relUrl="bin/SampleCSharpApp.dll" publishTime="08/16/2011 12:08:31" />
    <file relUrl="images/forms/step_dark_round.gif" publishTime="08/16/2011 11:20:24" />
    <file relUrl="bin/SampleCSharpApp.pdb" publishTime="08/16/2011 12:08:31" />
    <file relUrl="Global.asax" publishTime="08/16/2011 11:27:08" />
    <file relUrl="images/shared/logo.png" publishTime="08/16/2011 11:20:26" />
    <file relUrl="images/table/table_header_options.jpg" publishTime="08/16/2011 11:20:28" />
    <file relUrl="js/jquery/jquery.filestyle.js" publishTime="08/16/2011 11:21:27" />
    <file relUrl="images/table/table_icon_2.gif" publishTime="08/16/2011 11:20:28" />
    <file relUrl="images/shared/nav/back_1x.gif" publishTime="08/16/2011 11:20:26" />
    <file relUrl="images/forms/bubble_inner.gif" publishTime="08/16/2011 11:20:24" />
    <file relUrl="images/forms/bubble_left.gif" publishTime="08/16/2011 11:20:24" />
    <file relUrl="images/table/icon_close_blue.gif" publishTime="08/16/2011 11:20:28" />
    <file relUrl="images/forms/bubble_right.gif" publishTime="08/16/2011 11:20:24" />
    <file relUrl="images/forms/step_1.gif" publishTime="08/16/2011 11:20:24" />
    <file relUrl="images/forms/form_inp_error.gif" publishTime="08/16/2011 11:20:24" />
    <file relUrl="images/shared/nav/icon_acc_personal.gif" publishTime="08/16/2011 11:20:26" />
    <file relUrl="Sample.aspx" publishTime="08/16/2011 11:25:34" />
    <file relUrl="images/table/message_red.gif" publishTime="08/16/2011 11:20:28" />
    <file relUrl="images/login/loginbox_bg.png" publishTime="08/16/2011 11:20:25" />
    <file relUrl="images/shared/nav/account_line.gif" publishTime="08/16/2011 11:20:26" />
    <file relUrl="images/shared/side_shadowright.jpg" publishTime="08/16/2011 11:20:26" />
    <file relUrl="images/login/icon_back_login.gif" publishTime="08/16/2011 11:20:25" />
    <file relUrl="Web.config" publishTime="08/16/2011 12:03:57" />
    <file relUrl="images/img01.jpg" publishTime="08/16/2011 11:20:25" />
    <file relUrl="images/forms/icon_list_arrow.gif" publishTime="08/16/2011 11:20:24" />
    <file relUrl="css/pro_dropline.css" publishTime="08/16/2011 11:20:28" />
    <file relUrl="images/shared/nav/account_drop_bg.gif" publishTime="08/16/2011 11:20:26" />
    <file relUrl="images/shared/nav/pro_line_0x.gif" publishTime="08/16/2011 11:20:26" />
    <file relUrl="js/jquery/ui.checkbox.js" publishTime="08/16/2011 11:21:27" />
    <file relUrl="images/forms/step_dark_right.gif" publishTime="08/16/2011 11:20:24" />
    <file relUrl="Login.aspx" publishTime="08/16/2011 12:05:06" />
    <file relUrl="css/pro_dropline_ie.css" publishTime="08/16/2011 11:20:28" />
    <file relUrl="images/img02.jpg" publishTime="08/16/2011 11:20:25" />
    <file relUrl="images/shared/checkbox.gif" publishTime="08/16/2011 11:20:26" />
    <file relUrl="images/table/table_icon_3.gif" publishTime="08/16/2011 11:20:28" />
    <file relUrl="images/table/paging_left.gif" publishTime="08/16/2011 11:20:28" />
    <file relUrl="images/table/message_green.gif" publishTime="08/16/2011 11:20:28" />
    <file relUrl="js/jquery/jquery.dimensions.js" publishTime="08/16/2011 11:21:27" />
    <file relUrl="js/jquery/custom_jquery.js" publishTime="08/16/2011 11:21:27" />
    <file relUrl="images/forms/form_textarea.gif" publishTime="08/16/2011 11:20:24" />
    <file relUrl="images/shared/border_bit.jpg" publishTime="08/16/2011 11:20:25" />
    <file relUrl="images/shared/top_bg.jpg" publishTime="08/16/2011 11:20:26" />
    <file relUrl="images/table/select_number_rows.gif" publishTime="08/16/2011 11:20:28" />
    <file relUrl="images/shared/corner_bottom_right.jpg" publishTime="08/16/2011 11:20:26" />
    <file relUrl="images/login/submit_login.gif" publishTime="08/16/2011 11:20:25" />
    <file relUrl="images/shared/cal_th_repeat.jpg" publishTime="08/16/2011 11:20:25" />
    <file relUrl="images/shared/nav/pro_line_1.gif" publishTime="08/16/2011 11:20:26" />
    <file relUrl="js/jquery/jquery.datePicker.js" publishTime="08/16/2011 11:21:27" />
    <file relUrl="js/jquery/jquery.bind.js" publishTime="08/16/2011 11:21:27" />
    <file relUrl="images/forms/icon_calendar.jpg" publishTime="08/16/2011 11:20:24" />
    <file relUrl="images/forms/step_light_right.gif" publishTime="08/16/2011 11:20:24" />
    <file relUrl="images/table/table_header_checkbox.jpg" publishTime="08/16/2011 11:20:28" />
    <file relUrl="images/shared/nav/divider.jpg" publishTime="08/16/2011 11:20:26" />
    <file relUrl="images/table/paging_far_left.gif" publishTime="08/16/2011 11:20:28" />
    <file relUrl="images/forms/bg_related_act.gif" publishTime="08/16/2011 11:20:24" />
    <file relUrl="images/table/table_header.jpg" publishTime="08/16/2011 11:20:28" />
    <file relUrl="images/table/icon_close_red.gif" publishTime="08/16/2011 11:20:28" />
    <file relUrl="images/shared/year_next.gif" publishTime="08/16/2011 11:20:26" />
    <file relUrl="images/table/paging_far_right.gif" publishTime="08/16/2011 11:20:28" />
    <file relUrl="images/shared/nav/nav_myaccount.gif" publishTime="08/16/2011 11:20:26" />
    <file relUrl="images/forms/form_inp.gif" publishTime="08/16/2011 11:20:24" />
    <file relUrl="images/shared/nav/icon_acc_stats.gif" publishTime="08/16/2011 11:20:26" />
    <file relUrl="js/jquery/jquery.selectbox-0.5_style_2.js" publishTime="08/16/2011 11:21:27" />
    <file relUrl="images/shared/nav/nav_logout.gif" publishTime="08/16/2011 11:20:26" />
    <file relUrl="images/forms/icon_plus.gif" publishTime="08/16/2011 11:20:24" />
    <file relUrl="images/table/message_yellow.gif" publishTime="08/16/2011 11:20:28" />
    <file relUrl="images/table/dropdown_actions.gif" publishTime="08/16/2011 11:20:28" />
    <file relUrl="style.css" publishTime="08/16/2011 11:23:16" />
    <file relUrl="images/table/message_blue.gif" publishTime="08/16/2011 11:20:28" />
    <file relUrl="images/table/table_icon_4.gif" publishTime="08/16/2011 11:20:28" />
    <file relUrl="images/table/table_icon_1.gif" publishTime="08/16/2011 11:20:28" />
    <file relUrl="images/shared/nav/repeat.jpg" publishTime="08/16/2011 11:20:26" />
    <file relUrl="bin/Newtonsoft.Json.pdb" publishTime="06/29/2011 01:44:07" />
    <file relUrl="images/shared/top_search_btn.gif" publishTime="08/16/2011 11:20:26" />
    <file relUrl="js/jquery/jquery.selectbox-0.5.js" publishTime="08/16/2011 11:21:27" />
    <file relUrl="images/shared/top_search_inp.gif" publishTime="08/16/2011 11:20:26" />
    <file relUrl="images/table/action_edit.gif" publishTime="08/16/2011 11:20:28" />
    <file relUrl="images/shared/nav/icon_acc_inbox.gif" publishTime="08/16/2011 11:20:26" />
    <file relUrl="bin/Newtonsoft.Json.xml" publishTime="06/29/2011 01:44:07" />
    <file relUrl="images/shared/side_shadowleft.jpg" publishTime="08/16/2011 11:20:26" />
    <file relUrl="images/shared/corner_top_right.jpg" publishTime="08/16/2011 11:20:26" />
    <file relUrl="images/shared/nav/icon_acc_projects.gif" publishTime="08/16/2011 11:20:26" />
    <file relUrl="images/forms/step_light_round.gif" publishTime="08/16/2011 11:20:25" />
    <file relUrl="images/table/content_round_repeat.jpg" publishTime="08/16/2011 11:20:28" />
    <file relUrl="images/forms/error_left.gif" publishTime="08/16/2011 11:20:24" />
    <file relUrl="images/shared/content_repeat.jpg" publishTime="08/16/2011 11:20:26" />
    <file relUrl="bin/Newtonsoft.Json.dll" publishTime="06/29/2011 01:44:07" />
    <file relUrl="images/table/action_delete.gif" publishTime="08/16/2011 11:20:27" />
    <file relUrl="images/table/actions_slider_bg.gif" publishTime="08/16/2011 11:20:27" />
    <file relUrl="images/forms/upload_file.gif" publishTime="08/16/2011 11:20:25" />
    <file relUrl="images/shared/nav/Copy of pro_line_1.gif" publishTime="08/16/2011 11:20:26" />
    <file relUrl="images/shared/corner_top_left.jpg" publishTime="08/16/2011 11:20:26" />
    <file relUrl="images/forms/icon_minus.gif" publishTime="08/16/2011 11:20:24" />
    <file relUrl="images/table/table_icon_5.gif" publishTime="08/16/2011 11:20:28" />
    <file relUrl="images/login/inp_login.gif" publishTime="08/16/2011 11:20:25" />
    <file relUrl="bin/MangoChat.pdb" publishTime="08/16/2011 12:08:29" />
    <file relUrl="images/shared/year_prev.gif" publishTime="08/16/2011 11:20:26" />
    <file relUrl="images/table/table_sort_arrow.gif" publishTime="08/16/2011 11:20:28" />
    <file relUrl="bin/ASPNETChatControl.DAL.SqlServer.dll" publishTime="08/16/2011 12:08:30" />
    <file relUrl="js/jquery/jquery.pngFix.pack.js" publishTime="08/16/2011 11:21:27" />
    <file relUrl="images/shared/nav/pro_line_2.gif" publishTime="08/16/2011 11:20:26" />
    <file relUrl="Sample2.aspx" publishTime="08/16/2011 11:26:10" />
    <file relUrl="images/forms/header_related_act.gif" publishTime="08/16/2011 11:20:24" />
    <file relUrl="images/forms/form_select_small.gif" publishTime="08/16/2011 11:20:24" />
    <file relUrl="images/shared/cal_top_repeat.jpg" publishTime="08/16/2011 11:20:26" />
    <file relUrl="images/forms/icon_edit.gif" publishTime="08/16/2011 11:20:24" />
    <file relUrl="images/forms/choose-file.gif" publishTime="08/16/2011 11:20:24" />
    <file relUrl="images/forms/form_submit.gif" publishTime="08/16/2011 11:20:24" />
    <file relUrl="images/shared/icon_idlogo.jpg" publishTime="08/16/2011 11:20:26" />
    <file relUrl="images/forms/form_select.gif" publishTime="08/16/2011 11:20:24" />
    <file relUrl="images/shared/cal_top_bg.jpg" publishTime="08/16/2011 11:20:26" />
    <file relUrl="images/table/icon_close_yellow.gif" publishTime="08/16/2011 11:20:28" />
    <file relUrl="js/jquery/jquery.selectbox-0.5_style_3.js" publishTime="08/16/2011 11:21:27" />
    <file relUrl="images/shared/corner_bottom_left.jpg" publishTime="08/16/2011 11:20:26" />
    <file relUrl="js/jquery/ui.core.js" publishTime="08/16/2011 11:21:27" />
    <file relUrl="css/screen.css" publishTime="08/16/2011 11:20:28" />
    <file relUrl="images/table/content_round_top.jpg" publishTime="08/16/2011 11:20:28" />
    <file relUrl="images/forms/step_light_left.gif" publishTime="08/16/2011 11:20:24" />
    <file relUrl="bin/MangoChat.dll" publishTime="08/16/2011 12:08:29" />
    <file relUrl="images/forms/step_dark_left.gif" publishTime="08/16/2011 11:20:24" />
    <file relUrl="images/shared/nav/icon_acc_settings.gif" publishTime="08/16/2011 11:20:26" />
    <file relUrl="js/jquery/Copy of custom_jquery.js" publishTime="08/16/2011 11:21:27" />
    <file relUrl="images/forms/form_reset.gif" publishTime="08/16/2011 11:20:24" />
    <file relUrl="images/shared/blank.gif" publishTime="08/16/2011 11:20:25" />
    <file relUrl="js/jquery/jquery.usermode.js" publishTime="08/16/2011 11:21:27" />
    <file relUrl="js/jquery/jquery.tooltip.js" publishTime="08/16/2011 11:21:27" />
    <file relUrl="images/shared/nav/back_0.gif" publishTime="08/16/2011 11:20:26" />
    <file relUrl="css/datePicker.css" publishTime="08/16/2011 11:20:28" />
    <file relUrl="Sample3.aspx" publishTime="08/16/2011 11:26:35" />
    <file relUrl="js/jquery/date.js" publishTime="08/16/2011 11:21:27" />
    <file relUrl="images/forms/error_right.gif" publishTime="08/16/2011 11:20:24" />
    <file relUrl="bin/ASPNETChatControl.DAL.SqlServer.pdb" publishTime="08/16/2011 12:08:30" />
    <file relUrl="images/login/login_bg.jpg" publishTime="08/16/2011 11:20:25" />
    <file relUrl="images/table/paging_right.gif" publishTime="08/16/2011 11:20:28" />
    <file relUrl="js/jquery/jquery-1.4.1.min.js" publishTime="08/16/2011 11:21:27" />
    <file relUrl="images/shared/top_search_select.gif" publishTime="08/16/2011 11:20:26" />
    <file relUrl="images/forms/lines_dotted_short.gif" publishTime="08/16/2011 11:20:24" />
    <file relUrl="images/table/icon_close_green.gif" publishTime="08/16/2011 11:20:28" />
  </publishTarget>
</publishData>