<?xml version="1.0" encoding="UTF-8"?>



<config>

	<!-- START Color for the First Fade Effect -->
	<start delay="1" speed="1" color="0x333333" />
	
	
	
	<!--Openinig Cover for the 2nd effect -->
	<cover delay="1" speed="1" color="0x333333" />
	
	<!-- The Background Image source Pattern or FitScreen Full Image -->
	<background pattern="yes">images/background/pattern.png</background>
	
	
	<!-- Size of the Banner, undepend from the Flash window size -->
	<bannerscale>90</bannerscale>	
	<bannerposition hoffset="0" voffset="0"/>
	
	<!-- ALpha value of Shine and Shadow Effect on the Glas of the Frame -->
	<frame src="frames/wood.swf" shine="0.1" shadowsinside="1" />
	
	<!-- Alpha Value of the Shadow effect of the Background Image -->
	<shadows alpha="1" />

	
	<!-- LOADER COLOR -->
	<loader>
	  <color>0xffffff</color>
	  <alpha>0.6</alpha>
	  <src>swf/loader.swf</src>
	</loader>

	
	<!--Navigation hide after x sec,  and offset between the Thumbnails  (-12  to 50) -->
	<navigation hide="2" buttonoffset="0" arrows="on" thumbnails="on" play="on" timer="on" number="on" music="on"/>
	
	<!--  LOGO Soure and Position , If you dont define any Source, you can Type something-->
	  <yourlogo>
			<position xoffset="0" yoffset="0" />		<!-- Position of the Logo is always in the middle of the stage, and from that point x and y offset can be defined -->
			<src>swf/logo_anim.swf</src>			<!-- The source of the Logo can be png and swf -->
			<start_mc>logo_mc</start_mc>
			<text>Letter Press Anim & Text style</text>
	  </yourlogo> 
	  
	  

	<!-- Controll -->
	<fps color="0xffffff" x="50" y="50">off</fps>
	
	
	<!-- Snow Values -  show on/off,  flakes to rotate, max amount of flakes, max. Big Flakes, colors and Blend Mode, size of the small and big flakes min, and max, externalsrc for png Flakes -->
	<snow show="yes">  
      <flakes rotate="2" amount_small="300" amount_big="40"/>			  
	  <colors blendmode="1" a="0xcccccc" b="0xaaaaaa" c="0xfffffff" />
	  <size small_min="0.7" small_max="3.5" big_min="4" big_max="8.5"/>
	 <externalsrc></externalsrc>
    </snow>

	
	
<!-- ############################################################## LOOP, SEQUENZE AND AUTOPLAY AT START ############################-->	
	<!-- random or normal  - set the sequenze the order of hte banners -->
	<sequence>normal</sequence>
		
	<!--yes/no  - if no , the banner will play every banner item only 1 time !! -->
	<loop>yes</loop>
		
	
	<!-- Start with the Banner nr. -->
	<start_with_banner>1</start_with_banner>
	
	
<!-- ############################################################ MUSIC ##########################-->	

    <music volume="90">music/holidays.mp3</music>	

<!--
			#####################
			The Transition Tables
			#####################
			
			Banner Item Transitions
			#######################
			
						blades 				ease, size, direction, delay, type   					
											###direction### l2r,r2l, t2b,b2t
											###type### close/open
											###example### <mainanimation transition="blades" parameter="Bounce.easeOut,5,l2r,0.02,close" speed="1"/> ###						
						
						blur   				no parameter
						circ   				ease 	
						explode   			no parameter
						explodemask   		ease, width, height
											###example### <mainanimation transition="explodemask" parameter="Back.easeOut,50,50" speed="1"/> ###						
						
						fade	   			no parameter
						rotate   			ease, degree 											
											###degree### 0 - 360 
											###example### <mainanimation transition="rotate" parameter="Circ.easeOut,-150" speed="1.5"/> ###						
						
						scalexin			ease 	
						scalexout			ease 	
						scaleyin			ease 	
						scaleyout			ease 	
						slide				ease, direction											
											###direction### left, right, top, bottom
											###example### <mainanimation transition="slide" parameter="Quad.easeInOut,right" speed="0.8"/>	###					
						
						slidemask			ease, direction											
											###direction### l2r, r2l, t2b, b2t
											###example### <mainanimation transition="slidemask" parameter="Quad.easeOut,t2b" speed="0.8"/> ###
						
						squarescale			ease, width, height, cornerradius
											###example### <mainanimation transition="squarescale" parameter="Cubic.easeOut,100,40,8" speed="2"/> ###

						
						squarescalecenter	ease, width, height, cornerradius
											###example### <mainanimation transition="squarescalecenter" parameter="Expo.easeOut,60,120,8" speed="1.8"/> ###
						
						squarescalerandom	ease, width, height, cornerradius
											###example### <mainanimation transition="squarescalerandom" parameter="Quart.easeOut,70,70,0" speed="1.8"/> ###
						
						stripes				ease, size, direction, delay							
											###direction### l2r,r2l, t2b,b2t
											###example### <mainanimation transition="stripes" parameter="Strong.easeOut,30,l2r,0.3" delay="0.2" speed="0.4"/> ###
						
						turnx				ease 	
						turny				ease 	
						zoomin				ease, direction											
											###direction### tl, t, tr, l, c, r, bl, b, br
											###example### <mainanimation transition="zoomin" parameter="Elastic.easeOut,tr" speed="1"/> ###
				
						zoomout				ease, direction											
											###direction### tl, t, tr, l, c, r, bl, b, br
											###example### <mainanimation transition="zoomout" parameter="Strong.easeOut,c" speed="2"/> ###


			Layer Item Transitions ONSTAGE
			##############################

						blink   			ease
						glow				color, blur, alpha, strength										
											###color### 0xff ff ff  (3 x - red, green, blue in Hex)	
											###example### <mainanimation transition="glow" parameter="0xff0000,2,0.3,2" delay="0" speed="2"/> ###
											
						rotate   			ease, degree 											
											###degree### 0 - 360 
											###example### <mainanimation transition="rotate" parameter="Circ.easeOut,50" speed="1.5"/> ###		
											
						rotatearound  		ease, point, from degree, to degree						
											###point### tl, t, tr, l, c, r, bl, b, br  
											###from degree###  -360 - 360 	 
											###to degree### -360 - 360 
											###example### <mainanimation transition="rotatearound" parameter="Back.easeOut,tl,50,0" speed="1.5"/> ###		
											
						shadow				color, distance, blur, alpha							
											###color### 0xff ff ff  (3 x - red, green, blue in Hex)			
											###example### <mainanimation transition="shadow" parameter="0x333333,3,2,0.3" delay="0" speed="2"/> ###
											
						tint				color													
											###color### 0xff ff ff  (3 x - red, green, blue in Hex)		
											###example### <mainanimation transition="tint" parameter="0xffff00" delay="0" speed="2"/> ###
											
						tweenbasic			ease, x, y, rotate, scalex, scaley						
											###example### 
											###example### <mainanimation transition="tweenbasic" parameter="Strong.easeOut,100,0,0,1,1" delay="0.2" speed="1"/> ###
											
						tweenbasic			ease, x, y, rotate, scalex, scaley
											###example### 
											###example### <mainanimation transition="tweenbasic" parameter="Strong.easeOut,100,50,360,1.3,1.3" delay="0.2" speed="1"/> ###
						

			Layer Item Transitions START & EXIT
			###################################
			
						blades 				ease, size, direction, delay, type  (just image layer)	
											###direction### l2r,r2l, t2b,b2t 	
											###type### close/open
											###example### <mainanimation transition="blades" parameter="Bounce.easeOut,1,l2r,0.05,close" delay="0.05" speed="0.2"/> ###
											
						blur   				no parameter  		
						explode   			no parameter			
						fade	   			no parameter			
						magiclines			ease	
						scalexin			ease 
						scalexout			ease 
						scaleyin			ease 
						scaleyout			ease 
						showup				ease,direction											
											###direction### left,right,top,bottom
											###example### <mainanimation transition="showup" parameter="Back.easeOut,left" delay="0.1" speed="0.5"/> ###
											
						slidemask			ease, direction	 (only on image layer)					
											###direction### l2r, r2l, t2b, b2t
											###example### <mainanimation transition="slidemask" parameter="Circ.easeInOut,b2t" delay="0.1" speed="0.5"/> ###
											
						stripes				ease, size, direction, delay  (only on image layer)		
											###direction### l2r,r2l, t2b,b2t
											###example### <mainanimation transition="stripes" parameter="Strong.easeOut,2,l2r,0.05" delay="0.05" speed="0.1"/> ###
											
						turnx				ease 	
						turny				ease 	
						zoomin				ease, direction											
											###direction### tl, t, tr, l, c, r, bl, b, br
											###example### <mainanimation transition="zoomin" parameter="Elastic.easeOut,tr" delay="0.1" speed="0.4"/> ###
											
						zoomout				ease, direction											
											###direction### tl, t, tr, l, c, r, bl, b, br	
											###example### <mainanimation transition="zoomout" parameter="Circ.easeOut,bl" delay="0.1" speed="0.4"/> ###
									

			Ease Types and Ease Methodes (i.e. Back.easeIn or Sine.easeInOut) 
												
			Ease Types- Back. Strong. Bounce. Elastic. Circ. Quad. Cubic. Expo. Quart. Quint. Sine.
			Ease Methodes- easeIn, easeOut, easeInOut
		
	-->

		<!-- ########################################################### BANNER ITEMS !! ######################################################################## -->
		<banneritem id="1" duration="7.75">
			<image centeraligned="yes" voffset="0" hoffset="0">images/ski/01.jpg</image>			
			<kenburn startalign="middle,center" endalign="middle,center" startzoom="72" endzoom="125" startxoffset="0" startyoffset="-5" endyoffset="100" endxoffset="0" duration="15" ease="Strong.easeOut"/>					
			<mainanimation transition="fade" parameter="Back.easeOut" speed="0.6"/>
			
			
			
			<globalrotation>0</globalrotation>
						
			<layeritem id="2" typ="image">
					<position rotate="0" x="282" y="30"></position>
					<link url="http://activeden.net/user/v4" target="_blank"></link>
					<format scale="0.9" alpha="1"/>
						<animation>
							  <start atsec="0.2" transition="fade" parameter="Strong.easeOut" speed="1.1"/>				  
							  <exit atsec="6.75" transition="fade" parameter="Strong.easeOut" speed="1.1"/>
						</animation>
					images/snowlogo.png
			</layeritem>	
			
			
			
			<layeritem id="3" typ="word">
					<format size="16" color="0xffffff" letterspacing="0.1" textdecoration="none" maximalwidth=""></format>
					<font type="Arial" ></font>
					<position rotate="0" x="279" y="87"></position>			
					<background color="0x000000" cornerradius="0" bordercolor="0x000000" bordersize="0" alpha="0" top="0" left="0" right="0" bottom="0"></background> 
					<link url="" target=""></link>
						<animation>
					  		<start atsec="0.5" transition="scaleyin" parameter="Strong.easeOut" delay="0.1" speed="0.35"/>
					  		<exit atsec="6.75" transition="fade" parameter="Strong.easeOut" speed="1.1"/>
						</animation>
					The Winter Banner
			</layeritem>
				
			
			<layeritem id="4" typ="line">
					<format size="20" color="0xffffff" letterspacing="0" textdecoration="none" maximalwidth=""></format>
					<font type="Arial" ></font>
					<position rotate="0" x="-110" y="145"></position>			
					<background color="0xe6155d" cornerradius="0" bordercolor="0xFFFFFF" bordersize="0" alpha="1" top="8" left="90" right="12" bottom="26"></background> 
					<link url="http://activeden.net/user/v4" target="_blank"></link>
						<animation>
					 		<start atsec="1.25" transition="fade" parameter="Strong.easeOut" speed="0.3"/>
					  			<onstage atsec="1.25" transition="tweenbasic" parameter="Ease.easeOut,130,0,0,1,1,0" speed="0.8"/>					
					  		<exit atsec="6.75" transition="fade" parameter="Strong.easeOut" speed="1.1"/>
						</animation>
					Pitztaler Gletscher
			</layeritem>
				
		
		
			<layeritem id="5" typ="line">
					<format size="16" color="0xffffff" letterspacing="0" textdecoration="none" maximalwidth=""></format>
					<font type="Arial" ></font>
					<position rotate="0" x="-10" y="172"></position>			
					<background color="0x000000" cornerradius="0" bordercolor="0x000000" bordersize="0" alpha="0" top="0" left="0" right="0" bottom="0"></background> 
					<link url="" target=""></link>
						<animation>
					 		<start atsec="1.5" transition="fade" parameter="Strong.easeOut" speed="0.3"/>
					  			<onstage atsec="1.5" transition="tweenbasic" parameter="Ease.easeOut,136,0,0,1,1,0" speed="0.8"/>					
					  		<exit atsec="6.75" transition="fade" parameter="Strong.easeOut" speed="1.1"/>
						</animation>
					3.774 m
			</layeritem>
		
		
		
			<layeritem id="6" typ="line">
					<format size="22" color="0xe6155d" letterspacing="0" textdecoration="none" maximalwidth=""></format>
					<font type="Arial" ></font>
					<position rotate="0" x="-60" y="217"></position>			
					<background color="0xe63dcff" cornerradius="0" bordercolor="0xFFFFFF" bordersize="0" alpha="1" top="16" left="90" right="10" bottom="4"></background> 
					<link url="http://activeden.net/user/v4/portfolio" target="_blank"></link>
						<animation>
					 		<start atsec="1.75" transition="fade" parameter="Strong.easeOut" speed="0.3"/>
					  			<onstage atsec="1.75" transition="tweenbasic" parameter="Ease.easeOut,120,0,0,1,1,0" speed="0.8"/>					
					  		<exit atsec="6.75" transition="fade" parameter="Strong.easeOut" speed="1.1"/>
						</animation>
					179,95
			</layeritem>
		
		
		
			<layeritem id="7" typ="line">
					<format size="14" color="0xe6155d" letterspacing="0" textdecoration="none" maximalwidth=""></format>
					<font type="Arial" ></font>
					<position rotate="0" x="-23" y="203"></position>			
					<background color="0x000000" cornerradius="0" bordercolor="0x000000" bordersize="0" alpha="0" top="0" left="0" right="0" bottom="0"></background> 
					<link url="" target=""></link>
						<animation>
					 		<start atsec="1.8" transition="fade" parameter="Strong.easeOut" speed="0.3"/>
					  			<onstage atsec="1.8" transition="tweenbasic" parameter="Ease.easeOut,120,0,0,1,1,0" speed="0.8"/>					
					  		<exit atsec="6.75" transition="fade" parameter="Strong.easeOut" speed="1.1"/>
						</animation>
					EUR
			</layeritem>
		
		
		
			<layeritem id="8" typ="line">
					<format size="12" color="0x326e80" letterspacing="0" textdecoration="none" maximalwidth=""></format>
					<font type="Arial" ></font>
					<position rotate="0" x="-105" y="228"></position>			
					<background color="0x000000" cornerradius="0" bordercolor="0x000000" bordersize="0" alpha="0" top="0" left="0" right="0" bottom="0"></background> 
					<link url="" target=""></link>
						<animation>
					 		<start atsec="1.85" transition="fade" parameter="Strong.easeOut" speed="0.3"/>
					  			<onstage atsec="1.85" transition="tweenbasic" parameter="Ease.easeOut,120,0,0,1,1,0" speed="0.8"/>					
					  		<exit atsec="6.75" transition="fade" parameter="Strong.easeOut" speed="1.1"/>
						</animation>
					 219,95
			</layeritem>
			
		
			
			<layeritem id="______" typ="char">
					<format size="12" color="0xe6155d" letterspacing="0" textdecoration="none" maximalwidth=""></format>
					<font type="Arial" ></font>
					<position rotate="0" x="13" y="221"></position>			
					<background color="0x000000" cornerradius="0" bordercolor="0x000000" bordersize="0" alpha="0" top="0" left="0" right="0" bottom="0"></background> 
					<link url="" target=""></link>
						<animation>
					 		<start atsec="2.5" sequenze="normal" transition="fade" parameter="Strong.easeOut"  delay="0.05" speed="0.2"/>
					  			<onstage atsec="2.5" sequenze="normal" transition="scalexin" parameter="Elastic.easeOut"  delay="0.05" speed="0.2"/>					
					  		<exit atsec="6.75" transition="fade" parameter="Strong.easeOut" speed="1.1"/>
						</animation>
					 _______
			</layeritem>
			
		</banneritem>
		
		

		 <!-- ########################################################### BANNER ITEMS !! ######################################################################## -->
		<banneritem id="1" duration="7.75">
			<image centeraligned="yes" voffset="0" hoffset="0">images/ski/02.jpg</image>		<!-- fit: stretch, proportionalInside, proportionalOutside, widthOnly, heightOnly -->		<!-- centeraligned:  yes / no -->
			<kenburn startalign="top,left" endalign="bottom,right" startzoom="160" endzoom="76" startxoffset="-100" startyoffset="-50" endyoffset="38" endxoffset="56" duration="10" ease="Back.easeOut"/>					
			<mainanimation transition="stripes" parameter="circ.easeInOut,30,L2R,0.05" speed="0.65"/>
			
			
			
			<globalrotation>0</globalrotation>
			
			<layeritem id="2" typ="line">
					<format size="20" color="0xffffff" letterspacing="0" textdecoration="none" maximalwidth=""></format>
					<font type="Arial" ></font>
					<position rotate="0" x="-110" y="145"></position>			
					<background color="0xe6155d" cornerradius="0" bordercolor="0xFFFFFF" bordersize="0" alpha="1" top="8" left="90" right="12" bottom="26"></background> 
					<link url="http://activeden.net/user/v4" target="_blank"></link>
						<animation>
					 		<start atsec="1.25" transition="fade" parameter="Strong.easeOut" speed="0.3"/>
					  			<onstage atsec="1.25" transition="tweenbasic" parameter="Ease.easeOut,130,0,0,1,1,0" speed="0.8"/>					
					  		<exit atsec="6.75" transition="fade" parameter="Strong.easeOut" speed="1.1"/>
						</animation>
					Alpen House, Tirol
			</layeritem>
				
		
		
			<layeritem id="3" typ="line">
					<format size="16" color="0xffffff" letterspacing="0" textdecoration="none" maximalwidth=""></format>
					<font type="Arial" ></font>
					<position rotate="0" x="-23" y="172"></position>			
					<background color="0x000000" cornerradius="0" bordercolor="0x000000" bordersize="0" alpha="0" top="0" left="0" right="0" bottom="0"></background> 
					<link url="" target=""></link>
						<animation>
					 		<start atsec="1.5" transition="fade" parameter="Strong.easeOut" speed="0.3"/>
					  			<onstage atsec="1.5" transition="tweenbasic" parameter="Ease.easeOut,120,0,0,1,1,0" speed="0.8"/>					
					  		<exit atsec="6.75" transition="fade" parameter="Strong.easeOut" speed="1.1"/>
						</animation>
					6+2 persons
			</layeritem>
		
		
		
			<layeritem id="4" typ="line">
					<format size="22" color="0xe6155d" letterspacing="0" textdecoration="none" maximalwidth=""></format>
					<font type="Arial" ></font>
					<position rotate="0" x="-39" y="217"></position>			
					<background color="0xe63dcff" cornerradius="0" bordercolor="0xFFFFFF" bordersize="0" alpha="1" top="16" left="90" right="10" bottom="4"></background> 
					<link url="http://activeden.net/user/v4/portfolio" target="_blank"></link>
						<animation>
					 		<start atsec="1.75" transition="fade" parameter="Strong.easeOut" speed="0.3"/>
					  			<onstage atsec="1.75" transition="tweenbasic" parameter="Ease.easeOut,120,0,0,1,1,0" speed="0.8"/>					
					  		<exit atsec="6.75" transition="fade" parameter="Strong.easeOut" speed="1.1"/>
						</animation>
					25,95
			</layeritem>
		
		
		
			<layeritem id="5" typ="line">
					<format size="14" color="0xe6155d" letterspacing="0" textdecoration="none" maximalwidth=""></format>
					<font type="Arial" ></font>
					<position rotate="0" x="-100" y="203"></position>			
					<background color="0x000000" cornerradius="0" bordercolor="0x000000" bordersize="0" alpha="0" top="0" left="0" right="0" bottom="0"></background> 
					<link url="" target=""></link>
						<animation>
					 		<start atsec="1.8" transition="fade" parameter="Strong.easeOut" speed="0.3"/>
					  			<onstage atsec="1.8" transition="tweenbasic" parameter="Ease.easeOut,120,0,0,1,1,0" speed="0.8"/>					
					  		<exit atsec="6.75" transition="fade" parameter="Strong.easeOut" speed="1.1"/>
						</animation>
					EUR/person/Night
			</layeritem>
		
		
		
			<layeritem id="6" typ="line">
					<format size="12" color="0x326e80" letterspacing="0" textdecoration="none" maximalwidth=""></format>
					<font type="Arial" ></font>
					<position rotate="0" x="-80" y="228"></position>			
					<background color="0x000000" cornerradius="0" bordercolor="0x000000" bordersize="0" alpha="0" top="0" left="0" right="0" bottom="0"></background> 
					<link url="" target=""></link>
						<animation>
					 		<start atsec="1.85" transition="fade" parameter="Strong.easeOut" speed="0.3"/>
					  			<onstage atsec="1.85" transition="tweenbasic" parameter="Ease.easeOut,120,0,0,1,1,0" speed="0.8"/>					
					  		<exit atsec="6.75" transition="fade" parameter="Strong.easeOut" speed="1.1"/>
						</animation>
					 35,95
			</layeritem>
			
		
			
			<layeritem id="______" typ="char">
					<format size="12" color="0xe6155d" letterspacing="0" textdecoration="none" maximalwidth=""></format>
					<font type="Arial" ></font>
					<position rotate="0" x="36" y="221"></position>			
					<background color="0x000000" cornerradius="0" bordercolor="0x000000" bordersize="0" alpha="0" top="0" left="0" right="0" bottom="0"></background> 
					<link url="" target=""></link>
						<animation>
					 		<start atsec="2.5" sequenze="normal" transition="fade" parameter="Strong.easeOut"  delay="0.05" speed="0.2"/>
					  			<onstage atsec="2.5" sequenze="normal" transition="scalexin" parameter="Elastic.easeOut"  delay="0.05" speed="0.2"/>					
					  		<exit atsec="6.75" transition="fade" parameter="Strong.easeOut" speed="1.1"/>
						</animation>
					 ______
			</layeritem>
		
		</banneritem>	
		
	
	
	<!-- ########################################################### BANNER ITEMS !! ######################################################################## -->
		<banneritem id="1" duration="7.75">
			<image centeraligned="yes" voffset="0" hoffset="0">images/ski/03.jpg</image>
			<mainanimation transition="fade" parameter="Back.easeOut,50,t2b,0.2,close" speed="0.5"/>
			<kenburn startalign="top,left" endalign="bottom,right" startzoom="130" startxoffset="0" startyoffset="0"  endzoom="65" endyoffset="-4" endxoffset="-15" duration="10" ease="Circ.easeOut"/>					
			
			
			
			<globalrotation>0</globalrotation>
			
			<layeritem id="2" typ="word">
					<format size="38" color="0xe6155d" letterspacing="0.1" textdecoration="none" maximalwidth=""></format>
					<font type="Arial" ></font>
					<position rotate="0" x="105" y="177"></position>			
					<background color="0x000000" cornerradius="0" bordercolor="0x000000" bordersize="0" alpha="0" top="0" left="0" right="0" bottom="0"></background> 
					<link url="" target=""></link>
						<animation>
					  		<start atsec="0.5" transition="showup" parameter="Strong.easeOut,top" delay="0.1" speed="0.50"/>
					  			<onstage atsec="0.5" transition="glow" parameter="0xffffff, 4,1,1" delay="0" speed="0.1"/>
					  			<onstage atsec="0.5" transition="shadow" parameter="0x31507d, 2,2,0.5" speed="0.1"/>
					  		<exit atsec="6.75" transition="fade" parameter="Strong.easeOut" speed="1.1"/>
						</animation>
					Explore Flying
			</layeritem>
					
		
		
			<layeritem id="-----------" typ="line">
					<format size="18" color="0xe6155d" letterspacing="1" textdecoration="none" maximalwidth="460"></format>
					<font type="Verdana" ></font>
					<position rotate="0" x="50" y="104"></position>			
					<background color="0x000000" cornerradius="0" bordercolor="0x000000" bordersize="0" alpha="0" top="0" left="0" right="0" bottom="0"></background> 
					<link url="" target=""></link>
						<animation>
					   		<start atsec="0.75" transition="fade" parameter="Strong.easeOut" delay="0.05" speed="1.1" sequenze="normal"/>										  
					   			<onstage atsec="0.75" transition="tweenbasic" parameter="Elastic.easeOut, 60,0,90,1,1" delay="0.05" speed="0.6"/>							  
					  			<onstage atsec="4.75" transition="tweenbasic" parameter="Elastic.easeOut,-4,0,0,1,1," delay="0.1" speed="0.6"/>
					  			<onstage atsec="6.75" transition="tweenbasic" parameter="Strong.easeIn, 360,0,0,1,1" delay="0.05" speed="0.6"/>	
					  		<exit atsec="6.75" transition="fade" parameter="Strong.easeOut" speed="1.1"/>					  
					 	</animation>
					 ------------
			</layeritem>
			
			
			
			<layeritem id="3" typ="line">
					<format size="16" color="0xffffff" letterspacing="0" textdecoration="none" maximalwidth=""></format>
					<font type="Arial" ></font>
					<position rotate="0" x="145" y="-12"></position>			
					<background color="0xe6155d" cornerradius="0" bordercolor="0xFFFFFF" bordersize="0" alpha="1" top="8" left="35" right="12" bottom="16"></background> 
					<link url="http://activeden.net/user/v4/portfolio" target="_blank"></link>
						<animation>
					 		<start atsec="1" transition="fade" parameter="Strong.easeOut" speed="0.3"/>
					  			<onstage atsec="1" transition="tweenbasic" parameter="Bounce.easeOut,0,150,0,1,1,0" speed="0.4"/>
					  		<exit atsec="6.75" transition="fade" parameter="Strong.easeOut" speed="1.1"/>
						</animation>
					0.008 m
			</layeritem>
			
		</banneritem>	
	
	

	<!-- ########################################################### BANNER ITEMS !! ######################################################################## -->
		<banneritem id="1" duration="7.75">
			<image scale="proportionalOutside" centeraligned="yes" voffset="0" hoffset="0">images/ski/04.jpg</image>		
			<mainanimation transition="circ" parameter="Bounce.easeOut" speed="2"/>
			<kenburn startalign="top,right" endalign="bottom,center" startzoom="170" endzoom="68" startxoffset="0" startyoffset="0"  endyoffset="0" endxoffset="5" duration="10" ease="Strong.easeOut"/>
			
								
			<globalrotation>28</globalrotation>

			<layeritem id="2" typ="line">
					<format size="20" color="0xffffff" letterspacing="0" textdecoration="none" maximalwidth=""></format>
					<font type="Arial" ></font>
					<position rotate="0" x="-80" y="145"></position>			
					<background color="0xe6155d" cornerradius="0" bordercolor="0xFFFFFF" bordersize="0" alpha="1" top="8" left="90" right="12" bottom="26"></background> 
					<link url="http://activeden.net/user/v4" target="_blank"></link>
						<animation>
					 		<start atsec="1.25" transition="fade" parameter="Strong.easeOut" speed="0.3"/>
					  			<onstage atsec="1.25" transition="tweenbasic" parameter="Ease.easeOut,130,0,0,1,1,0" speed="0.8"/>					
					  		<exit atsec="6.75" transition="fade" parameter="Strong.easeOut" speed="1.1"/>
						</animation>
					Kitzbühel Alps
			</layeritem>
				
		
		
			<layeritem id="3" typ="line">
					<format size="16" color="0xffffff" letterspacing="0" textdecoration="none" maximalwidth=""></format>
					<font type="Arial" ></font>
					<position rotate="0" x="-17" y="172"></position>			
					<background color="0x000000" cornerradius="0" bordercolor="0x000000" bordersize="0" alpha="0" top="0" left="0" right="0" bottom="0"></background> 
					<link url="" target=""></link>
						<animation>
					 		<start atsec="1.5" transition="fade" parameter="Strong.easeOut" speed="0.3"/>
					  			<onstage atsec="1.5" transition="tweenbasic" parameter="Ease.easeOut,136,0,0,1,1,0" speed="0.8"/>					
					  		<exit atsec="6.75" transition="fade" parameter="Strong.easeOut" speed="1.1"/>
						</animation>
					3.366 m
			</layeritem>
		
		
		
			<layeritem id="4" typ="line">
					<format size="22" color="0xe6155d" letterspacing="0" textdecoration="none" maximalwidth=""></format>
					<font type="Arial" ></font>
					<position rotate="0" x="-40" y="217"></position>			
					<background color="0xe63dcff" cornerradius="0" bordercolor="0xFFFFFF" bordersize="0" alpha="1" top="16" left="90" right="10" bottom="4"></background> 
					<link url="http://activeden.net/user/v4/portfolio" target="_blank"></link>
						<animation>
					 		<start atsec="1.75" transition="fade" parameter="Strong.easeOut" speed="0.3"/>
					  			<onstage atsec="1.75" transition="tweenbasic" parameter="Ease.easeOut,120,0,0,1,1,0" speed="0.8"/>					
					  		<exit atsec="6.75" transition="fade" parameter="Strong.easeOut" speed="1.1"/>
						</animation>
					149,95
			</layeritem>
		
		
		
			<layeritem id="5" typ="line">
					<format size="14" color="0xe6155d" letterspacing="0" textdecoration="none" maximalwidth=""></format>
					<font type="Arial" ></font>
					<position rotate="0" x="-3" y="203"></position>			
					<background color="0x000000" cornerradius="0" bordercolor="0x000000" bordersize="0" alpha="0" top="0" left="0" right="0" bottom="0"></background> 
					<link url="" target=""></link>
						<animation>
					 		<start atsec="1.8" transition="fade" parameter="Strong.easeOut" speed="0.3"/>
					  			<onstage atsec="1.8" transition="tweenbasic" parameter="Ease.easeOut,120,0,0,1,1,0" speed="0.8"/>					
					  		<exit atsec="6.75" transition="fade" parameter="Strong.easeOut" speed="1.1"/>
						</animation>
					EUR
			</layeritem>
		
		
		
			<layeritem id="6" typ="line">
					<format size="12" color="0x326e80" letterspacing="0" textdecoration="none" maximalwidth=""></format>
					<font type="Arial" ></font>
					<position rotate="0" x="-85" y="228"></position>			
					<background color="0x000000" cornerradius="0" bordercolor="0x000000" bordersize="0" alpha="0" top="0" left="0" right="0" bottom="0"></background> 
					<link url="" target=""></link>
						<animation>
					 		<start atsec="1.85" transition="fade" parameter="Strong.easeOut" speed="0.3"/>
					  			<onstage atsec="1.85" transition="tweenbasic" parameter="Ease.easeOut,120,0,0,1,1,0" speed="0.8"/>					
					  		<exit atsec="6.75" transition="fade" parameter="Strong.easeOut" speed="1.1"/>
						</animation>
					 199,95
			</layeritem>
			
		
			
			<layeritem id="______" typ="char">
					<format size="12" color="0xe6155d" letterspacing="0" textdecoration="none" maximalwidth=""></format>
					<font type="Arial" ></font>
					<position rotate="0" x="33" y="221"></position>			
					<background color="0x000000" cornerradius="0" bordercolor="0x000000" bordersize="0" alpha="0" top="0" left="0" right="0" bottom="0"></background> 
					<link url="" target=""></link>
						<animation>
					 		<start atsec="2.5" sequenze="normal" transition="fade" parameter="Strong.easeOut"  delay="0.05" speed="0.2"/>
					  			<onstage atsec="2.5" sequenze="normal" transition="scalexin" parameter="Elastic.easeOut"  delay="0.05" speed="0.2"/>					
					  		<exit atsec="6.75" transition="fade" parameter="Strong.easeOut" speed="1.1"/>
						</animation>
					 _______
			</layeritem>
			
		</banneritem>
	
	
	
	<!-- ########################################################### BANNER ITEMS !! ######################################################################## -->
		<banneritem id="1" duration="7.75">
			<image centeraligned="yes" voffset="60" hoffset="0">images/ski/05.jpg</image>
			<kenburn startalign="bottom,left" endalign="bottom,right" startzoom="60" endzoom="130" startxoffset="60" startyoffset="20"  endyoffset="0" endxoffset="0" duration="15" ease="Strong.easeOut"/>					
			<mainanimation transition="squarescalerandom" parameter="Circ.easeOut, 40,40,8" speed="1.1"/>
			
			
			
			<globalrotation>-28</globalrotation>

			<layeritem id="2" typ="line">
					<format size="20" color="0xffffff" letterspacing="0" textdecoration="none" maximalwidth=""></format>
					<font type="Arial" ></font>
					<position rotate="0" x="-15" y="145"></position>			
					<background color="0xe6155d" cornerradius="0" bordercolor="0xFFFFFF" bordersize="0" alpha="1" top="8" left="150" right="12" bottom="26"></background> 
					<link url="http://activeden.net/user/v4" target="_blank"></link>
						<animation>
					 		<start atsec="1.25" transition="fade" parameter="Strong.easeOut" speed="0.3"/>
					  			<onstage atsec="1.25" transition="tweenbasic" parameter="Ease.easeOut,130,0,0,1,1,0" speed="0.8"/>					
					  		<exit atsec="6.75" transition="fade" parameter="Strong.easeOut" speed="1.1"/>
						</animation>
					Winter Impression
			</layeritem>
				
		
		
			<layeritem id="3" typ="line">
					<format size="16" color="0xffffff" letterspacing="0" textdecoration="none" maximalwidth=""></format>
					<font type="Arial" ></font>
					<position rotate="0" x="80" y="172"></position>			
					<background color="0x000000" cornerradius="0" bordercolor="0x000000" bordersize="0" alpha="0" top="0" left="0" right="0" bottom="0"></background> 
					<link url="" target=""></link>
						<animation>
					 		<start atsec="1.5" transition="fade" parameter="Strong.easeOut" speed="0.3"/>
					  			<onstage atsec="1.5" transition="tweenbasic" parameter="Ease.easeOut,136,0,0,1,1,0" speed="0.8"/>					
					  		<exit atsec="6.75" transition="fade" parameter="Strong.easeOut" speed="1.1"/>
						</animation>
					2.108 m
			</layeritem>
		
		
		
			<layeritem id="4" typ="line">
					<format size="22" color="0xe6155d" letterspacing="0" textdecoration="none" maximalwidth=""></format>
					<font type="Arial" ></font>
					<position rotate="0" x="62" y="217"></position>			
					<background color="0xe63dcff" cornerradius="0" bordercolor="0xFFFFFF" bordersize="0" alpha="1" top="16" left="120" right="10" bottom="4"></background> 
					<link url="http://activeden.net/user/v4/portfolio" target="_blank"></link>
						<animation>
					 		<start atsec="1.75" transition="fade" parameter="Strong.easeOut" speed="0.3"/>
					  			<onstage atsec="1.75" transition="tweenbasic" parameter="Ease.easeOut,120,0,0,1,1,0" speed="0.8"/>					
					  		<exit atsec="6.75" transition="fade" parameter="Strong.easeOut" speed="1.1"/>
						</animation>
					99,95
			</layeritem>
		
		
		
			<layeritem id="5" typ="line">
					<format size="14" color="0xe6155d" letterspacing="0" textdecoration="none" maximalwidth=""></format>
					<font type="Arial" ></font>
					<position rotate="0" x="87" y="203"></position>			
					<background color="0x000000" cornerradius="0" bordercolor="0x000000" bordersize="0" alpha="0" top="0" left="0" right="0" bottom="0"></background> 
					<link url="" target=""></link>
						<animation>
					 		<start atsec="1.8" transition="fade" parameter="Strong.easeOut" speed="0.3"/>
					  			<onstage atsec="1.8" transition="tweenbasic" parameter="Ease.easeOut,120,0,0,1,1,0" speed="0.8"/>					
					  		<exit atsec="6.75" transition="fade" parameter="Strong.easeOut" speed="1.1"/>
						</animation>
					EUR
			</layeritem>
		
		
		
			<layeritem id="6" typ="line">
					<format size="12" color="0x326e80" letterspacing="0" textdecoration="none" maximalwidth=""></format>
					<font type="Arial" ></font>
					<position rotate="0" x="15" y="228"></position>			
					<background color="0x000000" cornerradius="0" bordercolor="0x000000" bordersize="0" alpha="0" top="0" left="0" right="0" bottom="0"></background> 
					<link url="" target=""></link>
						<animation>
					 		<start atsec="1.85" transition="fade" parameter="Strong.easeOut" speed="0.3"/>
					  			<onstage atsec="1.85" transition="tweenbasic" parameter="Ease.easeOut,120,0,0,1,1,0" speed="0.8"/>					
					  		<exit atsec="6.75" transition="fade" parameter="Strong.easeOut" speed="1.1"/>
						</animation>
					 159,95
			</layeritem>
			
		
			
			<layeritem id="______" typ="char">
					<format size="12" color="0xe6155d" letterspacing="0" textdecoration="none" maximalwidth=""></format>
					<font type="Arial" ></font>
					<position rotate="0" x="131" y="221"></position>			
					<background color="0x000000" cornerradius="0" bordercolor="0x000000" bordersize="0" alpha="0" top="0" left="0" right="0" bottom="0"></background> 
					<link url="" target=""></link>
						<animation>
					 		<start atsec="2.5" sequenze="normal" transition="fade" parameter="Strong.easeOut"  delay="0.05" speed="0.2"/>
					  			<onstage atsec="2.5" sequenze="normal" transition="scalexin" parameter="Elastic.easeOut"  delay="0.05" speed="0.2"/>					
					  		<exit atsec="6.75" transition="fade" parameter="Strong.easeOut" speed="1.1"/>
						</animation>
					 _______
			</layeritem>
						
		</banneritem>
	
	
	
	<!-- ########################################################### BANNER ITEMS !! ######################################################################## -->
		<banneritem id="1" duration="7.75">
			<image scale="proportionalOutside" centeraligned="yes" voffset="0" hoffset="0">images/ski/06.jpg</image>
			<kenburn startalign="top,left" endalign="middle,center" startzoom="54" endzoom="135" startxoffset="0" startyoffset="0" endyoffset="40" endxoffset="-60" duration="15" ease="Back.easeOut"/>
			<mainanimation transition="zoomout" parameter="Strong.easeOut,tl" speed="1.6"/>
			
			
			
			<global_rotation>0</global_rotation>
				
			<layeritem id="2" typ="image">
					<position rotate="0" x="362" y="19"></position>
					<format scale="1" alpha="1"/>
						<animation>
							  <start atsec="0.75" transition="fade" parameter="Strong.easeOut" speed="1.1"/>				  
							  <exit atsec="6.75" transition="fade" parameter="Strong.easeOut" speed="1.1"/>
						</animation>
					images/board.png
			</layeritem>	
			
			
			
			<layeritem id="3" typ="image">
					<position rotate="0" x="387" y="183"></position>
					<format scale="1" alpha="1"/>
						<animation>
							  <start atsec="1.75" transition="explodemask" parameter="Back.easeOut,3,3" speed="1.1"/>
							  	<onstage atsec="2.75" transition="tint" parameter="0xe6155d" delay="0" speed="1.1"/>
							  	<onstage atsec="3.75" transition="tint" parameter="0x63dcff" delay="0" speed="1.1"/>
							  	<onstage atsec="4.75" transition="tint" parameter="0x838F9A" delay="0" speed="1.1"/>				  
							  <exit atsec="6.75" transition="fade" parameter="Strong.easeOut" speed="1.1"/>
						</animation>
					images/flowr.png
			</layeritem>
		
			
			<layeritem id="4" typ="line">
					<format size="14" color="0xffffff" letterspacing="0" textdecoration="none" maximalwidth=""></format>
					<font type="Arial" ></font>
					<position rotate="0" x="224" y="126"></position>			
					<background color="0xe6155d" cornerradius="0" bordercolor="0x000000" bordersize="0" alpha="1" top="4" left="32" right="8" bottom="14"></background> 
					<link url="http://activeden.net/user/v4/portfolio" target="_blank"></link>
						<animation>
					 		<start atsec="2.5" transition="fade" parameter="Strong.easeOut" speed="0.3"/>
					 			<onstage atsec="2.5" transition="shadow" parameter="0x31507d, 2,2,0.35" speed="0.1"/>
					  			<onstage atsec="2.5" transition="tweenbasic" parameter="Bounce.easeOut,120,0,0,1,1,0" speed="0.8"/>	
					  		<exit atsec="6.75" transition="tweenbasic" parameter="Strong.easeIn, 260,0,0,1,1" delay="0.05" speed="0.6"/>
						</animation>
					Unlimited V4!
			</layeritem>

		</banneritem>
	
	
	
	<!-- ########################################################### BANNER ITEMS !! ######################################################################## -->
		<banneritem id="1" duration="7.75">
			<image scale="proportionalOutside" centeraligned="yes" voffset="0" hoffset="0">images/ski/07.jpg</image>
			<kenburn startalign="middle,right" endalign="middle,left" startzoom="130" endzoom="67" startxoffset="0" startyoffset="0" endyoffset="0" endxoffset="6" duration="13" ease="Strong.easeOut"/>											
			<mainanimation transition="squarescalecenter" parameter="Strong.easeOut,406,8" speed="0.65"/>
			
			
			
			<global_rotation>0</global_rotation>
		
			<layeritem id="2" typ="line">
					<format size="20" color="0xffffff" letterspacing="0" textdecoration="none" maximalwidth=""></format>
					<font type="Arial" ></font>
					<position rotate="0" x="401" y="145"></position>			
					<background color="0xe6155d" cornerradius="0" bordercolor="0xFFFFFF" bordersize="0" alpha="1" top="8" left="12" right="90" bottom="26"></background> 
					<link url="http://activeden.net/user/v4" target="_blank"></link>					
						<animation>
					 		<start atsec="1.25" transition="fade" parameter="Strong.easeOut" speed="0.3"/>
					  			<onstage atsec="1.25" transition="tweenbasic" parameter="Ease.easeOut,-130,0,0,1,1,0" speed="0.8"/>					
					  		<exit atsec="6.75" transition="fade" parameter="Strong.easeOut" speed="1.1"/>
						</animation>
					Kitzbühel Alps
			</layeritem>
				
		
		
			<layeritem id="3" typ="line">
					<format size="16" color="0xffffff" letterspacing="0" textdecoration="none" maximalwidth=""></format>
					<font type="Arial" ></font>
					<position rotate="0" x="407" y="172"></position>			
					<background color="0x000000" cornerradius="0" bordercolor="0x000000" bordersize="0" alpha="0" top="0" left="0" right="0" bottom="0"></background> 
					<link url="" target=""></link>
						<animation>
					 		<start atsec="1.5" transition="fade" parameter="Strong.easeOut" speed="0.3"/>
					  			<onstage atsec="1.5" transition="tweenbasic" parameter="Ease.easeOut,-136,0,0,1,1,0" speed="0.8"/>					
					  		<exit atsec="6.75" transition="fade" parameter="Strong.easeOut" speed="1.1"/>
						</animation>
					3.336 m
			</layeritem>
		
		
		
			<layeritem id="4" typ="line">
					<format size="22" color="0xe6155d" letterspacing="0" textdecoration="none" maximalwidth=""></format>
					<font type="Arial" ></font>
					<position rotate="0" x="443" y="217"></position>			
					<background color="0xe63dcff" cornerradius="0" bordercolor="0xFFFFFF" bordersize="0" alpha="1" top="16" left="4" right="90" bottom="4"></background> 
					<link url="http://activeden.net/user/v4/portfolio" target="_blank"></link>
						<animation>
					 		<start atsec="1.75" transition="fade" parameter="Strong.easeOut" speed="0.3"/>
					  			<onstage atsec="1.75" transition="tweenbasic" parameter="Ease.easeOut,-120,0,0,1,1,0" speed="0.8"/>					
					  		<exit atsec="6.75" transition="fade" parameter="Strong.easeOut" speed="1.1"/>
						</animation>
					169,95
			</layeritem>
		
		
		
			<layeritem id="5" typ="line">
					<format size="14" color="0xe6155d" letterspacing="0" textdecoration="none" maximalwidth=""></format>
					<font type="Arial" ></font>
					<position rotate="0" x="444" y="203"></position>			
					<background color="0x000000" cornerradius="0" bordercolor="0x000000" bordersize="0" alpha="0" top="0" left="0" right="0" bottom="0"></background> 
					<link url="" target=""></link>
						<animation>
					 		<start atsec="1.8" transition="fade" parameter="Strong.easeOut" speed="0.3"/>
					  			<onstage atsec="1.8" transition="tweenbasic" parameter="Ease.easeOut,-120,0,0,1,1,0" speed="0.8"/>					
					  		<exit atsec="6.75" transition="fade" parameter="Strong.easeOut" speed="1.1"/>
						</animation>
					EUR
			</layeritem>
		
		
		
			<layeritem id="6" typ="line">
					<format size="12" color="0x326e80" letterspacing="0" textdecoration="none" maximalwidth=""></format>
					<font type="Arial" ></font>
					<position rotate="0" x="514" y="226"></position>			
					<background color="0x000000" cornerradius="0" bordercolor="0x000000" bordersize="0" alpha="0" top="0" left="0" right="0" bottom="0"></background> 
					<link url="" target=""></link>
						<animation>
					 		<start atsec="1.85" transition="fade" parameter="Strong.easeOut" speed="0.3"/>
					  			<onstage atsec="1.85" transition="tweenbasic" parameter="Ease.easeOut,-120,0,0,1,1,0" speed="0.8"/>					
					  		<exit atsec="6.75" transition="fade" parameter="Strong.easeOut" speed="1.1"/>
						</animation>
					 209,95
			</layeritem>
			
		
			
			<layeritem id="______" typ="char">
					<format size="12" color="0xe6155d" letterspacing="0" textdecoration="none" maximalwidth=""></format>
					<font type="Arial" ></font>
					<position rotate="0" x="392" y="220"></position>			
					<background color="0x000000" cornerradius="0" bordercolor="0x000000" bordersize="0" alpha="0" top="0" left="0" right="0" bottom="0"></background> 
					<link url="" target=""></link>
						<animation>
					 		<start atsec="2.5" sequenze="normal" transition="fade" parameter="Strong.easeOut"  delay="0.05" speed="0.2"/>
					  			<onstage atsec="2.5" sequenze="normal" transition="scalexin" parameter="Elastic.easeOut"  delay="0.05" speed="0.2"/>					
					  		<exit atsec="6.75" transition="fade" parameter="Strong.easeOut" speed="1.1"/>
						</animation>
					 _______
			</layeritem>
			
		</banneritem>
	
	
	
	<!-- ########################################################### BANNER ITEMS !! ######################################################################## -->
		<banneritem id="1" duration="7.75">
			<image scale="proportionalOutside" centeraligned="yes" voffset="0" hoffset="0">images/ski/08.jpg</image>	
			<kenburn startalign="top,center" endalign="top,center" startzoom="68" endzoom="125" startxoffset="10" startyoffset="0" endyoffset="-100" endxoffset="10" duration="15" ease="Strong.easeOut"/>								
			<mainanimation transition="slidemask" parameter="Strong.easeOut,r2l" speed="1.5"/>
			
			
			
			<globalrotation>0</globalrotation>
			
			<layeritem id="2" typ="line">
					<format size="20" color="0xffffff" letterspacing="0" textdecoration="none" maximalwidth=""></format>
					<font type="Arial" ></font>
					<position rotate="0" x="401" y="145"></position>			
					<background color="0xe6155d" cornerradius="0" bordercolor="0xFFFFFF" bordersize="0" alpha="1" top="8" left="12" right="90" bottom="26"></background> 
					<link url="http://activeden.net/user/v4/portfolio" target="_blank"></link>					
						<animation>
					 		<start atsec="1.25" transition="fade" parameter="Strong.easeOut" speed="0.3"/>
					  			<onstage atsec="1.25" transition="tweenbasic" parameter="Ease.easeOut,-130,0,0,1,1,0" speed="0.8"/>					
					  		<exit atsec="6.75" transition="fade" parameter="Strong.easeOut" speed="1.1"/>
						</animation>
					Winter Sunshine
			</layeritem>
				
		
		
			<layeritem id="3" typ="line">
					<format size="16" color="0xffffff" letterspacing="0" textdecoration="none" maximalwidth=""></format>
					<font type="Arial" ></font>
					<position rotate="0" x="407" y="172"></position>			
					<background color="0x000000" cornerradius="0" bordercolor="0x000000" bordersize="0" alpha="0" top="0" left="0" right="0" bottom="0"></background> 
					<link url="" target=""></link>
						<animation>
					 		<start atsec="1.5" transition="fade" parameter="Strong.easeOut" speed="0.3"/>
					  			<onstage atsec="1.5" transition="tweenbasic" parameter="Ease.easeOut,-136,0,0,1,1,0" speed="0.8"/>					
					  		<exit atsec="6.75" transition="fade" parameter="Strong.easeOut" speed="1.1"/>
						</animation>
					Classical
			</layeritem>
		
		
		
			<layeritem id="4" typ="line">
					<format size="22" color="0xe6155d" letterspacing="0" textdecoration="none" maximalwidth=""></format>
					<font type="Arial" ></font>
					<position rotate="0" x="465" y="217"></position>			
					<background color="0xe63dcff" cornerradius="0" bordercolor="0xFFFFFF" bordersize="0" alpha="1" top="16" left="4" right="90" bottom="4"></background> 
					<link url="http://activeden.net/user/v4" target="_blank"></link>
						<animation>
					 		<start atsec="1.75" transition="fade" parameter="Strong.easeOut" speed="0.3"/>
					  			<onstage atsec="1.75" transition="tweenbasic" parameter="Ease.easeOut,-120,0,0,1,1,0" speed="0.8"/>					
					  		<exit atsec="6.75" transition="fade" parameter="Strong.easeOut" speed="1.1"/>
						</animation>
					Free
			</layeritem>
		
		
		
			<layeritem id="5" typ="line">
					<format size="14" color="0xe6155d" letterspacing="0" textdecoration="none" maximalwidth=""></format>
					<font type="Arial" ></font>
					<position rotate="0" x="466" y="203"></position>			
					<background color="0x000000" cornerradius="0" bordercolor="0x000000" bordersize="0" alpha="0" top="0" left="0" right="0" bottom="0"></background> 
					<link url="" target=""></link>
						<animation>
					 		<start atsec="1.8" transition="fade" parameter="Strong.easeOut" speed="0.3"/>
					  			<onstage atsec="1.8" transition="tweenbasic" parameter="Ease.easeOut,-120,0,0,1,1,0" speed="0.8"/>					
					  		<exit atsec="6.75" transition="fade" parameter="Strong.easeOut" speed="1.1"/>
						</animation>
					EUR
			</layeritem>
		
		
		
			<layeritem id="6" typ="line">
					<format size="12" color="0x326e80" letterspacing="0" textdecoration="none" maximalwidth=""></format>
					<font type="Arial" ></font>
					<position rotate="0" x="516" y="226"></position>			
					<background color="0x000000" cornerradius="0" bordercolor="0x000000" bordersize="0" alpha="0" top="0" left="0" right="0" bottom="0"></background> 
					<link url="" target=""></link>
						<animation>
					 		<start atsec="1.85" transition="fade" parameter="Strong.easeOut" speed="0.3"/>
					  			<onstage atsec="1.85" transition="tweenbasic" parameter="Ease.easeOut,-120,0,0,1,1,0" speed="0.8"/>					
					  		<exit atsec="6.75" transition="fade" parameter="Strong.easeOut" speed="1.1"/>
						</animation>
					 9,95
			</layeritem>
			
		
			
			<layeritem id="______" typ="char">
					<format size="12" color="0xe6155d" letterspacing="0" textdecoration="none" maximalwidth=""></format>
					<font type="Arial" ></font>
					<position rotate="0" x="392" y="220"></position>			
					<background color="0x000000" cornerradius="0" bordercolor="0x000000" bordersize="0" alpha="0" top="0" left="0" right="0" bottom="0"></background> 
					<link url="" target=""></link>
						<animation>
					 		<start atsec="2.5" sequenze="normal" transition="fade" parameter="Strong.easeOut"  delay="0.05" speed="0.2"/>
					  			<onstage atsec="2.5" sequenze="normal" transition="scalexin" parameter="Elastic.easeOut"  delay="0.05" speed="0.2"/>					
					  		<exit atsec="6.75" transition="fade" parameter="Strong.easeOut" speed="1.1"/>
						</animation>
					 _____
			</layeritem>
			
		</banneritem>
		
	
	<!-- ########################################################### BANNER ITEMS !! ######################################################################## -->
		<banneritem id="1" duration="7.75">
			<image scale="proportionalOutside" centeraligned="yes" voffset="0" hoffset="0">images/ski/09.jpg</image>	
			<kenburn startalign="top,center" endalign="middle,center" startzoom="68" endzoom="110" startxoffset="0" startyoffset="0" endyoffset="-80" endxoffset="0" duration="13" ease="Strong.easeOut"/>								
			<mainanimation transition="slidemask" parameter="Bounce.easeOut,t2b" speed="1"/>
			
			
			
			<globalrotation>0</globalrotation>
			
			<layeritem id="2" typ="line">
					<format size="26" color="0x0f0d0e" letterspacing="1" textdecoration="none" maximalwidth=""></format>
					<font type="Arial" ></font>
					<position rotate="0" x="123" y="230"></position>			
					<background color="0xffffff" cornerradius="0" bordercolor="0xFFFFFF" bordersize="0" alpha="0.25" top="0" left="3" right="8" bottom="0"></background> 
						<animation>
						  	  <start atsec="1.25" transition="fade" parameter="Strong.easeOut,100" delay="0" speed="1.0"/>
						  	    <onstage atsec="1.25" transition="rotatearound" parameter="Strong.easeOut,tl,-100,0,1,1" delay="0" speed="0.6"/>		
						  	    <onstage atsec="7" transition="fade" parameter="Strong.easeOut" speed="1.1"/>		
						  	  <exit atsec="7" transition="tweenbasic" parameter="Strong.easeOut,-400,0,0,1,1,0" delay="0" speed="1.1"/>						  
						</animation>
						Top of the World
			</layeritem>
					
					
					
			<layeritem id="3" typ="line">
					<format size="16" color="0xffffff" letterspacing="0.65" textdecoration="none" maximalwidth=""></format>
					<font type="Arial" ></font>
					<position rotate="0" x="90" y="108"></position>			
					<background color="0xe6155d" cornerradius="0" bordercolor="0xFFFFFF" bordersize="0" alpha="1" top="0" left="20" right="6" bottom="8"></background> 
					<link url="http://activeden.net/user/v4/portfolio" target="_blank"></link>
						<animation>
						  <start atsec="3.9" transition="blur" parameter="Strong.easeOut,100" delay="0" speed="0.6"/>
						  	<onstage atsec="3.9" transition="tweenbasic" parameter="Strong.easeOut,0,0,0,10,10" delay="0" speed="0.01"/>					  
						  	<onstage atsec="4" transition="tweenbasic" parameter="Strong.easeOut,0,0,0,1,1" delay="0" speed="0.6"/>						  
						  <exit atsec="6.75" transition="fade" parameter="Strong.easeOut" delay="0" speed="1.1"/>
						</animation>
						Dirk
			</layeritem>	
					
					
					
			<layeritem id="4" typ="line">
					<format size="16" color="0xffffff" letterspacing="0.65" textdecoration="none" maximalwidth=""></format>
					<font type="Arial" ></font>
					<position rotate="0" x="316" y="41"></position>			
					<background color="0xe6155d" cornerradius="0" bordercolor="0xEB5000" bordersize="0" alpha="1" top="0" left="6" right="20" bottom="8"></background> 
					<link url="http://activeden.net/user/v4/portfolio" target="_blank"></link>
						<animation>
						  <start atsec="4.15" transition="blur" parameter="Strong.easeOut,100" delay="0" speed="0.6"/>
							<onstage atsec="4.15" transition="tweenbasic" parameter="Strong.easeOut,0,0,0,10,10" delay="0" speed="0.01"/>					  
						  	<onstage atsec="4.25" transition="tweenbasic" parameter="Strong.easeOut,0,0,0,1,1" delay="0" speed="0.6"/>					  
						  <exit atsec="6.75" transition="fade" parameter="Strong.easeOut" delay="0" speed="1.1"/>
						</animation>
						Kriki
					</layeritem>	
					
					
			<layeritem id="5" typ="line">
					<format size="16" color="0xffffff" letterspacing="0.65" textdecoration="none" maximalwidth=""></format>
					<font type="Arial" ></font>
					<position rotate="0" x="194" y="15"></position>			
					<background color="0xe6155d" cornerradius="0" bordercolor="0xFFFFFF" bordersize="0" alpha="1" top="0" left="20" right="6" bottom="8"></background> 
					<link url="http://activeden.net/user/v4/portfolio" target="_blank"></link>
						<animation>
						  <start atsec="4.4" transition="blur" parameter="Strong.easeOut,100" delay="0" speed="0.6"/>
						    <onstage atsec="4.4" transition="tweenbasic" parameter="Strong.easeOut,0,0,0,10,10" delay="0" speed="0.01"/>					  
							<onstage atsec="4.5" transition="tweenbasic" parameter="Strong.easeOut,0,0,0,1,1" delay="0" speed="0.6"/>					  					  
						  <exit atsec="6.75" transition="fade" parameter="Strong.easeOut" delay="0" speed="1.1"/>
						</animation>
						DNS
			</layeritem>
					
		</banneritem>	
</config>




